{
  "success":true,
  "terms":"https:\/\/currencylayer.com\/terms",
  "privacy":"https:\/\/currencylayer.com\/privacy",
  "timestamp":1755028156,
  "source":"USD",
  "quotes":{
    "USDAED":3.673016,
    "USDAFN":69.497847,
    "USDALL":83.650033,
    "USDAMD":383.809921,
    "USDANG":1.789699,
    "USDAOA":916.999557,
    "USDARS":1316.772703,
    "USDAUD":1.531487,
    "USDAWG":1.8,
    "USDAZN":1.700559,
    "USDBAM":1.6848,
    "USDBBD":2.019382,
    "USDBDT":121.643623,
    "USDBGN":1.6754,
    "USDBHD":0.377029,
    "USDBIF":2950,
    "USDBMD":1,
    "USDBND":1.286899,
    "USDBOB":6.911762,
    "USDBRL":5.389983,
    "USDBSD":1.000129,
    "USDBTC":8.352928e-6,
    "USDBTN":87.680214,
    "USDBWP":13.465142,
    "USDBYN":3.30176,
    "USDBYR":19600,
    "USDBZD":2.009089,
    "USDCAD":1.377925,
    "USDCDF":2890.000132,
    "USDCHF":0.806302,
    "USDCLF":0.024372,
    "USDCLP":956.090399,
    "USDCNY":7.179197,
    "USDCNH":7.18581,
    "USDCOP":4018.75,
    "USDCRC":505.955073,
    "USDCUC":1,
    "USDCUP":26.5,
    "USDCVE":94.849829,
    "USDCZK":20.954197,
    "USDDJF":177.719783,
    "USDDKK":6.39278,
    "USDDOP":61.425009,
    "USDDZD":129.868228,
    "USDEGP":48.456299,
    "USDERN":15,
    "USDETB":139.875014,
    "USDEUR":0.85666,
    "USDFJD":2.251799,
    "USDFKP":0.745486,
    "USDGBP":0.741055,
    "USDGEL":2.694984,
    "USDGGP":0.745486,
    "USDGHS":10.524984,
    "USDGIP":0.745486,
    "USDGMD":72.498912,
    "USDGNF":8674.999887,
    "USDGTQ":7.673687,
    "USDGYD":209.256747,
    "USDHKD":7.85002,
    "USDHNL":26.349648,
    "USDHRK":6.4543,
    "USDHTG":131.12791,
    "USDHUF":338.661021,
    "USDIDR":16256.1,
    "USDILS":3.408605,
    "USDIMP":0.745486,
    "USDINR":87.604898,
    "USDIQD":1310,
    "USDIRR":42125.000315,
    "USDISK":122.669561,
    "USDJEP":0.745486,
    "USDJMD":159.986217,
    "USDJOD":0.708969,
    "USDJPY":147.731968,
    "USDKES":129.488667,
    "USDKGS":87.349501,
    "USDKHR":4006.999777,
    "USDKMF":421.501218,
    "USDKPW":900.034015,
    "USDKRW":1384.010238,
    "USDKWD":0.30545,
    "USDKYD":0.833495,
    "USDKZT":540.97478,
    "USDLAK":21600.000322,
    "USDLBP":89549.999834,
    "USDLKR":301.141405,
    "USDLRD":201.497463,
    "USDLSL":17.669827,
    "USDLTL":2.95274,
    "USDLVL":0.60489,
    "USDLYD":5.424976,
    "USDMAD":9.033013,
    "USDMDL":16.79826,
    "USDMGA":4439.999981,
    "USDMKD":53.012878,
    "USDMMK":2098.920925,
    "USDMNT":3594.03125,
    "USDMOP":8.087355,
    "USDMRU":39.939793,
    "USDMUR":45.640346,
    "USDMVR":15.395457,
    "USDMWK":1736.499662,
    "USDMXN":18.584321,
    "USDMYR":4.229868,
    "USDMZN":63.959895,
    "USDNAD":17.669602,
    "USDNGN":1535.603238,
    "USDNIO":36.750435,
    "USDNOK":10.21843,
    "USDNPR":140.279106,
    "USDNZD":1.679614,
    "USDOMR":0.384497,
    "USDPAB":1.000194,
    "USDPEN":3.52625,
    "USDPGK":4.1474,
    "USDPHP":56.856004,
    "USDPKR":282.449577,
    "USDPLN":3.644805,
    "USDPYG":7491.062583,
    "USDQAR":3.6405,
    "USDRON":4.335401,
    "USDRSD":100.350969,
    "USDRUB":79.653072,
    "USDRWF":1444,
    "USDSAR":3.753027,
    "USDSBD":8.230592,
    "USDSCR":14.145004,
    "USDSDG":600.495179,
    "USDSEK":9.54794,
    "USDSGD":1.28277,
    "USDSHP":0.785843,
    "USDSLE":23.199188,
    "USDSLL":20969.503947,
    "USDSOS":571.497564,
    "USDSRD":37.418498,
    "USDSTD":20697.981008,
    "USDSTN":21.35,
    "USDSVC":8.751346,
    "USDSYP":13002.086727,
    "USDSZL":17.66979,
    "USDTHB":32.399549,
    "USDTJS":9.351942,
    "USDTMT":3.51,
    "USDTND":2.878503,
    "USDTOP":2.342097,
    "USDTRY":40.738365,
    "USDTTD":6.786845,
    "USDTWD":29.944026,
    "USDTZS":2535.000178,
    "USDUAH":41.497782,
    "USDUGX":3560.322178,
    "USDUYU":39.944868,
    "USDUZS":12537.502089,
    "USDVES":132.75255,
    "USDVND":26270,
    "USDVUV":119.26542,
    "USDWST":2.657465,
    "USDXAF":565.102625,
    "USDXAG":0.026398,
    "USDXAU":0.000299,
    "USDXCD":2.70255,
    "USDXCG":1.802472,
    "USDXDR":0.702337,
    "USDXOF":563.499082,
    "USDXPF":102.600618,
    "USDYER":240.274997,
    "USDZAR":17.58828,
    "USDZMK":9001.201732,
    "USDZMW":23.079408,
    "USDZWL":321.999592
  }
}